일자,구분,종목번호,수량,거래대금,미수발생/변제,세전이자,수수료,연체료,상대처,변동금액,대출일,처리자,
상품,적요,종목명,가격,신용/대출금,신용/대출이자,예탁금이용료,제세금,대체계좌/채널,의뢰자명,최종금액,만기일,,
20260624,해외배당금,USD,,77.0,,0,0,,,77.0,,,
01,,,0,,,,11.55,,,35413.33,,,
20260622,해외증권_해외주식매수,US46138G6492,4,1780,,0,0.89,,,1780,,,
01,,INVESCO NASDAQ 100,445,,,,0,,,35347.88,,,
20260622,장내_매도,A068270,1,195000,,0,29,,,195000,,,
01,,Celltrion,195000,,,,351,,,112054125,,,
20260620,해외배당금,USD,,14.72,,0,0,,,14.72,,,
01,,,0,,,,2.21,,,37128.77,,,
20260618,은행이체외화입금,USD,,2500,,0,0,,,2500,,,
01,,,0,,,,0,,,37116.26,,,
20260618,해외증권_해외주식매수,US9229087690,1,282,,0,0.14,,,282,,,
01,,Vanguard Total Stock Market ETF,282,,,,0,,,34616.26,,,
20260617,장내_매수,A005930,21,1785000,,0,268,,,1785000,,,
01,,Samsung Electronics,85000,,,,0,,,111859505,,,
20260615,은행이체입금,,,3000000,,0,0,,,3000000,,,
01,,,0,,,,0,,,113644773,,,
20260615,배당금,A033780,1,24100,,0,0,,,24100,,,
01,,KT&G Corp,0,,,,3711,,,110644773,,,
20260612,은행이체외화입금,USD,,1358,,0,0,,,1358,,,
01,,,0,,,,0,,,34898.4,,,
20260608,장내_매수,A068270,3,585000,,0,88,,,585000,,,
01,,Celltrion,195000,,,,0,,,110624384,,,
20260605,은행이체입금,,,1672000,,0,0,,,1672000,,,
01,,,0,,,,0,,,111209472,,,
20260524,해외증권_해외주식매도,US9229087690,1,282,,0,0.14,,,282,,,
01,,Vanguard Total Stock Market ETF,282,,,,0.01,,,33540.4,,,
20260515,배당금,A033780,1,23750,,0,0,,,23750,,,
01,,KT&G Corp,0,,,,3658,,,109537472,,,
20260508,장내_매수,A051910,1,410000,,0,61,,,410000,,,
01,,LG Chem,410000,,,,0,,,109517380,,,
20260505,은행이체입금,,,1660000,,0,0,,,1660000,,,
01,,,0,,,,0,,,109927441,,,
20260420,해외배당금,USD,,14.48,,0,0,,,14.48,,,
01,,,0,,,,2.17,,,33258.55,,,
20260418,해외증권_해외주식매수,US1912161007,11,693,,0,0.35,,,693,,,
01,,Coca-Cola Co.,63,,,,0,,,33246.24,,,
20260415,배당금,A033780,1,23400,,0,0,,,23400,,,
01,,KT&G Corp,0,,,,3604,,,108267441,,,
20260412,은행이체외화입금,USD,,1342,,0,0,,,1342,,,
01,,,0,,,,0,,,33939.59,,,
20260408,장내_매수,A035420,1,230000,,0,34,,,230000,,,
01,,NAVER Corp,230000,,,,0,,,108247645,,,
20260405,은행이체입금,,,1648000,,0,0,,,1648000,,,
01,,,0,,,,0,,,108477679,,,
20260328,배당금,A005930,1,110000,,0,0,,,110000,,,
01,,Samsung Electronics,0,,,,16940,,,106829679,,,
20260322,장내_매도,A005930,2,170000,,0,25,,,170000,,,
01,,Samsung Electronics,85000,,,,306,,,106736619,,,
20260315,배당금,A033780,1,23050,,0,0,,,23050,,,
01,,KT&G Corp,0,,,,3550,,,106566950,,,
20260308,장내_매수,A005930,9,765000,,0,115,,,765000,,,
01,,Samsung Electronics,85000,,,,0,,,106547450,,,
20260305,은행이체입금,,,1636000,,0,0,,,1636000,,,
01,,,0,,,,0,,,107312565,,,
20260220,해외배당금,USD,,14.24,,0,0,,,14.24,,,
01,,,0,,,,2.14,,,32597.59,,,
20260218,해외증권_해외주식매수,US9229087690,3,846,,0,0.42,,,846,,,
01,,Vanguard Total Stock Market ETF,282,,,,0,,,32585.49,,,
20260215,배당금,A033780,1,22700,,0,0,,,22700,,,
01,,KT&G Corp,0,,,,3496,,,105676565,,,
20260212,은행이체외화입금,USD,,1326,,0,0,,,1326,,,
01,,,0,,,,0,,,33431.91,,,
20260208,장내_매수,A033780,6,588000,,0,88,,,588000,,,
01,,KT&G Corp,98000,,,,0,,,105657361,,,
20260205,은행이체입금,,,1624000,,0,0,,,1624000,,,
01,,,0,,,,0,,,106245449,,,
20260115,배당금,A033780,1,22350,,0,0,,,22350,,,
01,,KT&G Corp,0,,,,3442,,,104621449,,,
20260108,장내_매수,A068270,2,390000,,0,58,,,390000,,,
01,,Celltrion,195000,,,,0,,,104602541,,,
20260105,은행이체입금,,,1612000,,0,0,,,1612000,,,
01,,,0,,,,0,,,104992599,,,
20251222,장내_매도,A068270,1,195000,,0,29,,,195000,,,
01,,Celltrion,195000,,,,351,,,103380599,,,
20251220,해외배당금,USD,,86.5,,0,0,,,86.5,,,
01,,,0,,,,12.97,,,32105.91,,,
20251220,해외배당금,USD,,14.59,,0,0,,,14.59,,,
01,,,0,,,,2.19,,,32032.38,,,
20251218,해외증권_해외주식매수,US46138G6492,1,445,,0,0.22,,,445,,,
01,,INVESCO NASDAQ 100,445,,,,0,,,32019.98,,,
20251215,배당금,A033780,1,24900,,0,0,,,24900,,,
01,,KT&G Corp,0,,,,3835,,,103185979,,,
20251212,은행이체외화입금,USD,,1351,,0,0,,,1351,,,
01,,,0,,,,0,,,32465.2,,,
20251208,장내_매수,A051910,1,410000,,0,61,,,410000,,,
01,,LG Chem,410000,,,,0,,,103164914,,,
20251205,은행이체입금,,,1674000,,0,0,,,1674000,,,
01,,,0,,,,0,,,103574975,,,
20251124,해외증권_해외주식매도,US9229087690,1,282,,0,0.14,,,282,,,
01,,Vanguard Total Stock Market ETF,282,,,,0.01,,,31114.2,,,
20251115,배당금,A033780,1,24550,,0,0,,,24550,,,
01,,KT&G Corp,0,,,,3781,,,101900975,,,
20251108,장내_매수,A035420,3,690000,,0,103,,,690000,,,
01,,NAVER Corp,230000,,,,0,,,101880206,,,
20251105,은행이체입금,,,1662000,,0,0,,,1662000,,,
01,,,0,,,,0,,,102570309,,,
20251020,해외배당금,USD,,14.35,,0,0,,,14.35,,,
01,,,0,,,,2.15,,,30832.35,,,
20251018,해외증권_해외주식매수,US5801351017,2,612,,0,0.31,,,612,,,
01,,McDonald's Corp,306,,,,0,,,30820.15,,,
20251015,배당금,A033780,1,24200,,0,0,,,24200,,,
01,,KT&G Corp,0,,,,3727,,,100908309,,,
20251012,은행이체외화입금,USD,,1335,,0,0,,,1335,,,
01,,,0,,,,0,,,31432.46,,,
20251008,장내_매수,A005930,7,595000,,0,89,,,595000,,,
01,,Samsung Electronics,85000,,,,0,,,100887836,,,
20251005,은행이체입금,,,1650000,,0,0,,,1650000,,,
01,,,0,,,,0,,,101482925,,,
20250927,배당금,A033780,1,84800,,0,0,,,84800,,,
01,,KT&G Corp,0,,,,13059,,,99832925,,,
20250922,장내_매도,A005930,2,170000,,0,25,,,170000,,,
01,,Samsung Electronics,85000,,,,306,,,99761184,,,
20250915,배당금,A033780,1,23850,,0,0,,,23850,,,
01,,KT&G Corp,0,,,,3673,,,99591515,,,
20250908,장내_매수,A033780,5,490000,,0,74,,,490000,,,
01,,KT&G Corp,98000,,,,0,,,99571338,,,
20250905,은행이체입금,,,1638000,,0,0,,,1638000,,,
01,,,0,,,,0,,,100061412,,,
20250820,해외배당금,USD,,14.11,,0,0,,,14.11,,,
01,,,0,,,,2.12,,,30097.46,,,
20250818,해외증권_해외주식매수,US46138G6492,2,890,,0,0.45,,,890,,,
01,,INVESCO NASDAQ 100,445,,,,0,,,30085.47,,,
20250815,배당금,A033780,1,23500,,0,0,,,23500,,,
01,,KT&G Corp,0,,,,3619,,,98423412,,,
20250812,은행이체외화입금,USD,,1319,,0,0,,,1319,,,
01,,,0,,,,0,,,30975.92,,,
20250808,장내_매수,A068270,2,390000,,0,58,,,390000,,,
01,,Celltrion,195000,,,,0,,,98403531,,,
20250805,은행이체입금,,,1626000,,0,0,,,1626000,,,
01,,,0,,,,0,,,98793589,,,
20250715,배당금,A033780,1,23150,,0,0,,,23150,,,
01,,KT&G Corp,0,,,,3565,,,97167589,,,
20250708,장내_매수,A051910,1,410000,,0,61,,,410000,,,
01,,LG Chem,410000,,,,0,,,97148004,,,
20250705,은행이체입금,,,1614000,,0,0,,,1614000,,,
01,,,0,,,,0,,,97558065,,,
20250624,해외배당금,USD,,71.5,,0,0,,,71.5,,,
01,,,0,,,,10.72,,,29656.92,,,
20250622,장내_매도,A051910,1,410000,,0,61,,,410000,,,
01,,LG Chem,410000,,,,738,,,95944065,,,
20250620,해외배당금,USD,,13.87,,0,0,,,13.87,,,
01,,,0,,,,2.08,,,29596.14,,,
20250618,해외증권_해외주식매수,US5801351017,1,306,,0,0.15,,,306,,,
01,,McDonald's Corp,306,,,,0,,,29584.35,,,
20250615,배당금,A033780,1,22800,,0,0,,,22800,,,
01,,KT&G Corp,0,,,,3511,,,95534864,,,
20250612,은행이체외화입금,USD,,1303,,0,0,,,1303,,,
01,,,0,,,,0,,,29890.5,,,
20250608,장내_매수,A035420,2,460000,,0,69,,,460000,,,
01,,NAVER Corp,230000,,,,0,,,95515575,,,
20250605,은행이체입금,,,1602000,,0,0,,,1602000,,,
01,,,0,,,,0,,,95975644,,,
20250524,해외증권_해외주식매도,US9229087690,1,282,,0,0.14,,,282,,,
01,,Vanguard Total Stock Market ETF,282,,,,0.01,,,28587.5,,,
20250515,배당금,A033780,1,22450,,0,0,,,22450,,,
01,,KT&G Corp,0,,,,3457,,,94373644,,,
20250508,장내_매수,A005930,6,510000,,0,76,,,510000,,,
01,,Samsung Electronics,85000,,,,0,,,94354651,,,
20250505,은행이체입금,,,1590000,,0,0,,,1590000,,,
01,,,0,,,,0,,,94864727,,,
20250420,해외배당금,USD,,13.63,,0,0,,,13.63,,,
01,,,0,,,,2.04,,,28305.65,,,
20250418,해외증권_해외주식매수,US46138G6492,1,445,,0,0.22,,,445,,,
01,,INVESCO NASDAQ 100,445,,,,0,,,28294.06,,,
20250415,배당금,A033780,1,22100,,0,0,,,22100,,,
01,,KT&G Corp,0,,,,3403,,,93274727,,,
20250412,은행이체외화입금,USD,,1287,,0,0,,,1287,,,
01,,,0,,,,0,,,28739.28,,,
20250408,장내_매수,A033780,4,392000,,0,59,,,392000,,,
01,,KT&G Corp,98000,,,,0,,,93256030,,,
20250405,은행이체입금,,,1578000,,0,0,,,1578000,,,
01,,,0,,,,0,,,93648089,,,
20250328,배당금,A005930,1,103500,,0,0,,,103500,,,
01,,Samsung Electronics,0,,,,15939,,,92070089,,,
20250322,장내_매도,A033780,2,196000,,0,29,,,196000,,,
01,,KT&G Corp,98000,,,,353,,,91982528,,,
20250315,배당금,A033780,1,21750,,0,0,,,21750,,,
01,,KT&G Corp,0,,,,3350,,,91786910,,,
20250308,장내_매수,A068270,4,780000,,0,117,,,780000,,,
01,,Celltrion,195000,,,,0,,,91768510,,,
20250305,은행이체입금,,,1566000,,0,0,,,1566000,,,
01,,,0,,,,0,,,92548627,,,
20250220,해외배당금,USD,,13.39,,0,0,,,13.39,,,
01,,,0,,,,2.01,,,27452.28,,,
20250218,해외증권_해외주식매수,US5801351017,2,612,,0,0.31,,,612,,,
01,,McDonald's Corp,306,,,,0,,,27440.9,,,
20250215,배당금,A033780,1,21400,,0,0,,,21400,,,
01,,KT&G Corp,0,,,,3296,,,90982627,,,
20250212,은행이체외화입금,USD,,1271,,0,0,,,1271,,,
01,,,0,,,,0,,,28053.21,,,
20250208,장내_매수,A051910,1,410000,,0,61,,,410000,,,
01,,LG Chem,410000,,,,0,,,90964523,,,
20250205,은행이체입금,,,1554000,,0,0,,,1554000,,,
01,,,0,,,,0,,,91374584,,,
20250115,배당금,A033780,1,21050,,0,0,,,21050,,,
01,,KT&G Corp,0,,,,3242,,,89820584,,,
20250108,장내_매수,A035420,2,460000,,0,69,,,460000,,,
01,,NAVER Corp,230000,,,,0,,,89802776,,,
20250105,은행이체입금,,,1542000,,0,0,,,1542000,,,
01,,,0,,,,0,,,90262845,,,
20241222,장내_매도,A051910,1,380000,,0,57,,,380000,,,
01,,LG Chem,380000,,,,684,,,88720845,,,
20241220,해외배당금,USD,,80.0,,0,0,,,80.0,,,
01,,,0,,,,12.0,,,26782.21,,,
20241220,해외배당금,USD,,13.74,,0,0,,,13.74,,,
01,,,0,,,,2.06,,,26714.21,,,
20241218,해외증권_해외주식매수,US9229087690,2,516,,0,0.26,,,516,,,
01,,Vanguard Total Stock Market ETF,258,,,,0,,,26702.53,,,
20241215,배당금,A033780,1,23600,,0,0,,,23600,,,
01,,KT&G Corp,0,,,,3634,,,88341586,,,
20241212,은행이체외화입금,USD,,1296,,0,0,,,1296,,,
01,,,0,,,,0,,,27218.79,,,
20241208,장내_매수,A005930,5,395000,,0,59,,,395000,,,
01,,Samsung Electronics,79000,,,,0,,,88321620,,,
20241205,은행이체입금,,,1604000,,0,0,,,1604000,,,
01,,,0,,,,0,,,88716679,,,
20241124,해외증권_해외주식매도,US9229087690,1,258,,0,0.13,,,258,,,
01,,Vanguard Total Stock Market ETF,258,,,,0.01,,,25922.79,,,
20241115,배당금,A033780,1,23250,,0,0,,,23250,,,
01,,KT&G Corp,0,,,,3580,,,87112679,,,
20241108,장내_매수,A033780,8,760000,,0,114,,,760000,,,
01,,KT&G Corp,95000,,,,0,,,87093009,,,
20241105,은행이체입금,,,1592000,,0,0,,,1592000,,,
01,,,0,,,,0,,,87853123,,,
20241020,해외배당금,USD,,13.5,,0,0,,,13.5,,,
01,,,0,,,,2.02,,,25664.93,,,
20241018,해외증권_해외주식매수,US1912161007,11,671,,0,0.34,,,671,,,
01,,Coca-Cola Co.,61,,,,0,,,25653.45,,,
20241015,배당금,A033780,1,22900,,0,0,,,22900,,,
01,,KT&G Corp,0,,,,3527,,,86261123,,,
20241012,은행이체외화입금,USD,,1280,,0,0,,,1280,,,
01,,,0,,,,0,,,26324.79,,,
20241008,장내_매수,A068270,3,555000,,0,83,,,555000,,,
01,,Celltrion,185000,,,,0,,,86241750,,,
20241005,은행이체입금,,,1580000,,0,0,,,1580000,,,
01,,,0,,,,0,,,86796833,,,
20240927,배당금,A033780,1,79600,,0,0,,,79600,,,
01,,KT&G Corp,0,,,,12258,,,85216833,,,
20240922,장내_매도,A033780,2,190000,,0,28,,,190000,,,
01,,KT&G Corp,95000,,,,342,,,85149491,,,
20240915,배당금,A033780,1,22550,,0,0,,,22550,,,
01,,KT&G Corp,0,,,,3473,,,84959861,,,
20240908,장내_매수,A051910,1,380000,,0,57,,,380000,,,
01,,LG Chem,380000,,,,0,,,84940784,,,
20240905,은행이체입금,,,1568000,,0,0,,,1568000,,,
01,,,0,,,,0,,,85320841,,,
20240820,해외배당금,USD,,13.26,,0,0,,,13.26,,,
01,,,0,,,,1.99,,,25044.79,,,
20240818,해외증권_해외주식매수,US9229087690,3,774,,0,0.39,,,774,,,
01,,Vanguard Total Stock Market ETF,258,,,,0,,,25033.52,,,
20240815,배당금,A033780,1,22200,,0,0,,,22200,,,
01,,KT&G Corp,0,,,,3419,,,83752841,,,
20240812,은행이체외화입금,USD,,1264,,0,0,,,1264,,,
01,,,0,,,,0,,,25807.91,,,
20240808,장내_매수,A035420,2,420000,,0,63,,,420000,,,
01,,NAVER Corp,210000,,,,0,,,83734060,,,
20240805,은행이체입금,,,1556000,,0,0,,,1556000,,,
01,,,0,,,,0,,,84154123,,,
20240715,배당금,A033780,1,21850,,0,0,,,21850,,,
01,,KT&G Corp,0,,,,3365,,,82598123,,,
20240708,장내_매수,A005930,9,711000,,0,107,,,711000,,,
01,,Samsung Electronics,79000,,,,0,,,82579638,,,
20240705,은행이체입금,,,1544000,,0,0,,,1544000,,,
01,,,0,,,,0,,,83290745,,,
20240624,해외배당금,USD,,66.0,,0,0,,,66.0,,,
01,,,0,,,,9.9,,,24543.91,,,
20240622,장내_매도,A035420,1,210000,,0,31,,,210000,,,
01,,NAVER Corp,210000,,,,378,,,81746745,,,
20240620,해외배당금,USD,,13.02,,0,0,,,13.02,,,
01,,,0,,,,1.95,,,24487.81,,,
20240618,해외증권_해외주식매수,US1912161007,8,488,,0,0.24,,,488,,,
01,,Coca-Cola Co.,61,,,,0,,,24476.74,,,
20240615,배당금,A033780,1,21500,,0,0,,,21500,,,
01,,KT&G Corp,0,,,,3311,,,81537154,,,
20240612,은행이체외화입금,USD,,1248,,0,0,,,1248,,,
01,,,0,,,,0,,,24964.98,,,
20240608,장내_매수,A033780,6,570000,,0,85,,,570000,,,
01,,KT&G Corp,95000,,,,0,,,81518965,,,
20240605,은행이체입금,,,1532000,,0,0,,,1532000,,,
01,,,0,,,,0,,,82089050,,,
20240524,해외증권_해외주식매도,US9229087690,1,258,,0,0.13,,,258,,,
01,,Vanguard Total Stock Market ETF,258,,,,0.01,,,23716.98,,,
20240515,배당금,A033780,1,21150,,0,0,,,21150,,,
01,,KT&G Corp,0,,,,3257,,,80557050,,,
20240508,장내_매수,A068270,2,370000,,0,55,,,370000,,,
01,,Celltrion,185000,,,,0,,,80539157,,,
20240505,은행이체입금,,,1520000,,0,0,,,1520000,,,
01,,,0,,,,0,,,80909212,,,
20240420,해외배당금,USD,,12.78,,0,0,,,12.78,,,
01,,,0,,,,1.92,,,23459.12,,,
20240418,해외증권_해외주식매수,US9229087690,2,516,,0,0.26,,,516,,,
01,,Vanguard Total Stock Market ETF,258,,,,0,,,23448.26,,,
20240415,배당금,A033780,1,20800,,0,0,,,20800,,,
01,,KT&G Corp,0,,,,3203,,,79389212,,,
20240412,은행이체외화입금,USD,,1232,,0,0,,,1232,,,
01,,,0,,,,0,,,23964.52,,,
20240408,장내_매수,A051910,1,380000,,0,57,,,380000,,,
01,,LG Chem,380000,,,,0,,,79371615,,,
20240405,은행이체입금,,,1508000,,0,0,,,1508000,,,
01,,,0,,,,0,,,79751672,,,
20240328,배당금,A005930,1,97000,,0,0,,,97000,,,
01,,Samsung Electronics,0,,,,14938,,,78243672,,,
20240322,장내_매도,A068270,2,370000,,0,55,,,370000,,,
01,,Celltrion,185000,,,,666,,,78161610,,,
20240315,배당금,A033780,1,20450,,0,0,,,20450,,,
01,,KT&G Corp,0,,,,3149,,,77792331,,,
20240308,장내_매수,A035420,3,630000,,0,94,,,630000,,,
01,,NAVER Corp,210000,,,,0,,,77775030,,,
20240305,은행이체입금,,,1496000,,0,0,,,1496000,,,
01,,,0,,,,0,,,78405124,,,
20240220,해외배당금,USD,,12.54,,0,0,,,12.54,,,
01,,,0,,,,1.88,,,22732.52,,,
20240218,해외증권_해외주식매수,US1912161007,14,854,,0,0.43,,,854,,,
01,,Coca-Cola Co.,61,,,,0,,,22721.86,,,
20240215,배당금,A033780,1,20100,,0,0,,,20100,,,
01,,KT&G Corp,0,,,,3095,,,76909124,,,
20240212,은행이체외화입금,USD,,1216,,0,0,,,1216,,,
01,,,0,,,,0,,,23576.29,,,
20240208,장내_매수,A005930,8,632000,,0,95,,,632000,,,
01,,Samsung Electronics,79000,,,,0,,,76892119,,,
20240205,은행이체입금,,,1484000,,0,0,,,1484000,,,
01,,,0,,,,0,,,77524214,,,
20240115,배당금,A033780,1,19750,,0,0,,,19750,,,
01,,KT&G Corp,0,,,,3042,,,76040214,,,
20240108,장내_매수,A033780,5,475000,,0,71,,,475000,,,
01,,KT&G Corp,95000,,,,0,,,76023506,,,
20240105,은행이체입금,,,1472000,,0,0,,,1472000,,,
01,,,0,,,,0,,,76498577,,,
20231222,장내_매도,A035420,1,190000,,0,28,,,190000,,,
01,,NAVER Corp,190000,,,,342,,,75026577,,,
20231220,해외배당금,USD,,73.5,,0,0,,,73.5,,,
01,,,0,,,,11.03,,,22360.29,,,
20231220,해외배당금,USD,,12.89,,0,0,,,12.89,,,
01,,,0,,,,1.93,,,22297.82,,,
20231218,해외증권_해외주식매수,US5801351017,1,278,,0,0.14,,,278,,,
01,,McDonald's Corp,278,,,,0,,,22286.86,,,
20231215,배당금,A033780,1,22300,,0,0,,,22300,,,
01,,KT&G Corp,0,,,,3434,,,74836947,,,
20231212,은행이체외화입금,USD,,1241,,0,0,,,1241,,,
01,,,0,,,,0,,,22565,,,
20231208,장내_매수,A068270,2,350000,,0,52,,,350000,,,
01,,Celltrion,175000,,,,0,,,74818081,,,
20231205,은행이체입금,,,1534000,,0,0,,,1534000,,,
01,,,0,,,,0,,,75168133,,,
20231203,은행이체출금,,,2700000,,0,0,,,2700000,,,
01,,,0,,,,0,,,73634133,,,
20231124,해외증권_해외주식매도,US9229087690,1,236,,0,0.12,,,236,,,
01,,Vanguard Total Stock Market ETF,236,,,,0.01,,,21324,,,
20231115,배당금,A033780,1,21950,,0,0,,,21950,,,
01,,KT&G Corp,0,,,,3380,,,76334133,,,
20231108,장내_매수,A051910,1,430000,,0,64,,,430000,,,
01,,LG Chem,430000,,,,0,,,76315563,,,
20231105,은행이체입금,,,1522000,,0,0,,,1522000,,,
01,,,0,,,,0,,,76745627,,,
20231020,해외배당금,USD,,12.65,,0,0,,,12.65,,,
01,,,0,,,,1.9,,,21088.13,,,
20231018,해외증권_해외주식매수,US46138G6492,2,690,,0,0.35,,,690,,,
01,,INVESCO NASDAQ 100,345,,,,0,,,21077.38,,,
20231015,배당금,A033780,1,21600,,0,0,,,21600,,,
01,,KT&G Corp,0,,,,3326,,,75223627,,,
20231012,은행이체외화입금,USD,,1225,,0,0,,,1225,,,
01,,,0,,,,0,,,21767.73,,,
20231008,장내_매수,A035420,3,570000,,0,85,,,570000,,,
01,,NAVER Corp,190000,,,,0,,,75205353,,,
20231005,은행이체입금,,,1510000,,0,0,,,1510000,,,
01,,,0,,,,0,,,75775438,,,
20230927,배당금,A033780,1,74400,,0,0,,,74400,,,
01,,KT&G Corp,0,,,,11458,,,74265438,,,
20230922,장내_매도,A068270,2,350000,,0,52,,,350000,,,
01,,Celltrion,175000,,,,630,,,74202496,,,
20230915,배당금,A033780,1,21250,,0,0,,,21250,,,
01,,KT&G Corp,0,,,,3272,,,73853178,,,
20230908,장내_매수,A005930,6,492000,,0,74,,,492000,,,
01,,Samsung Electronics,82000,,,,0,,,73835200,,,
20230905,은행이체입금,,,1498000,,0,0,,,1498000,,,
01,,,0,,,,0,,,74327274,,,
20230820,해외배당금,USD,,12.41,,0,0,,,12.41,,,
01,,,0,,,,1.86,,,20542.73,,,
20230818,해외증권_해외주식매수,US5801351017,3,834,,0,0.42,,,834,,,
01,,McDonald's Corp,278,,,,0,,,20532.18,,,
20230815,배당금,A033780,1,20900,,0,0,,,20900,,,
01,,KT&G Corp,0,,,,3219,,,72829274,,,
20230812,은행이체외화입금,USD,,1209,,0,0,,,1209,,,
01,,,0,,,,0,,,21366.6,,,
20230808,장내_매수,A033780,4,360000,,0,54,,,360000,,,
01,,KT&G Corp,90000,,,,0,,,72811593,,,
20230805,은행이체입금,,,1486000,,0,0,,,1486000,,,
01,,,0,,,,0,,,73171647,,,
20230715,배당금,A033780,1,20550,,0,0,,,20550,,,
01,,KT&G Corp,0,,,,3165,,,71685647,,,
20230708,장내_매수,A068270,4,700000,,0,105,,,700000,,,
01,,Celltrion,175000,,,,0,,,71668262,,,
20230705,은행이체입금,,,1474000,,0,0,,,1474000,,,
01,,,0,,,,0,,,72368367,,,
20230624,해외배당금,USD,,60.5,,0,0,,,60.5,,,
01,,,0,,,,9.07,,,20157.6,,,
20230622,장내_매도,A005930,1,82000,,0,12,,,82000,,,
01,,Samsung Electronics,82000,,,,148,,,70894367,,,
20230620,해외배당금,USD,,12.17,,0,0,,,12.17,,,
01,,,0,,,,1.83,,,20106.17,,,
20230618,해외증권_해외주식매수,US46138G6492,1,345,,0,0.17,,,345,,,
01,,INVESCO NASDAQ 100,345,,,,0,,,20095.83,,,
20230615,배당금,A033780,1,20200,,0,0,,,20200,,,
01,,KT&G Corp,0,,,,3111,,,70812527,,,
20230612,은행이체외화입금,USD,,1193,,0,0,,,1193,,,
01,,,0,,,,0,,,20441,,,
20230608,장내_매수,A051910,1,430000,,0,64,,,430000,,,
01,,LG Chem,430000,,,,0,,,70795438,,,
20230605,은행이체입금,,,1462000,,0,0,,,1462000,,,
01,,,0,,,,0,,,71225502,,,
20230524,해외증권_해외주식매도,US9229087690,1,236,,0,0.12,,,236,,,
01,,Vanguard Total Stock Market ETF,236,,,,0.01,,,19248,,,
20230515,배당금,A033780,1,19850,,0,0,,,19850,,,
01,,KT&G Corp,0,,,,3057,,,69763502,,,
20230508,장내_매수,A035420,2,380000,,0,57,,,380000,,,
01,,NAVER Corp,190000,,,,0,,,69746709,,,
20230505,은행이체입금,,,1450000,,0,0,,,1450000,,,
01,,,0,,,,0,,,70126766,,,
20230420,해외배당금,USD,,11.93,,0,0,,,11.93,,,
01,,,0,,,,1.79,,,19012.13,,,
20230418,해외증권_해외주식매수,US5801351017,2,556,,0,0.28,,,556,,,
01,,McDonald's Corp,278,,,,0,,,19001.99,,,
20230415,배당금,A033780,1,19500,,0,0,,,19500,,,
01,,KT&G Corp,0,,,,3003,,,68676766,,,
20230412,은행이체외화입금,USD,,1177,,0,0,,,1177,,,
01,,,0,,,,0,,,19558.27,,,
20230408,장내_매수,A005930,5,410000,,0,61,,,410000,,,
01,,Samsung Electronics,82000,,,,0,,,68660269,,,
20230405,은행이체입금,,,1438000,,0,0,,,1438000,,,
01,,,0,,,,0,,,69070330,,,
20230328,배당금,A005930,1,90500,,0,0,,,90500,,,
01,,Samsung Electronics,0,,,,13937,,,67632330,,,
20230322,장내_매도,A051910,2,860000,,0,129,,,860000,,,
01,,LG Chem,430000,,,,1548,,,67555767,,,
20230315,배당금,A033780,1,19150,,0,0,,,19150,,,
01,,KT&G Corp,0,,,,2949,,,66697444,,,
20230308,장내_매수,A033780,8,720000,,0,108,,,720000,,,
01,,KT&G Corp,90000,,,,0,,,66681243,,,
20230305,은행이체입금,,,1426000,,0,0,,,1426000,,,
01,,,0,,,,0,,,67401351,,,
20230220,해외배당금,USD,,11.69,,0,0,,,11.69,,,
01,,,0,,,,1.75,,,18381.27,,,
20230218,해외증권_해외주식매수,US46138G6492,2,690,,0,0.35,,,690,,,
01,,INVESCO NASDAQ 100,345,,,,0,,,18371.33,,,
20230215,배당금,A033780,1,18800,,0,0,,,18800,,,
01,,KT&G Corp,0,,,,2895,,,65975351,,,
20230212,은행이체외화입금,USD,,1161,,0,0,,,1161,,,
01,,,0,,,,0,,,19061.68,,,
20230208,장내_매수,A068270,3,525000,,0,79,,,525000,,,
01,,Celltrion,175000,,,,0,,,65959446,,,
20230205,은행이체입금,,,1414000,,0,0,,,1414000,,,
01,,,0,,,,0,,,66484525,,,
20230115,배당금,A033780,1,18450,,0,0,,,18450,,,
01,,KT&G Corp,0,,,,2841,,,65070525,,,
20230108,장내_매수,A051910,1,430000,,0,64,,,430000,,,
01,,LG Chem,430000,,,,0,,,65054916,,,
20230105,은행이체입금,,,1402000,,0,0,,,1402000,,,
01,,,0,,,,0,,,65484980,,,
20221222,장내_매도,A005930,1,76000,,0,11,,,76000,,,
01,,Samsung Electronics,76000,,,,137,,,64082980,,,
20221220,해외배당금,USD,,67.0,,0,0,,,67.0,,,
01,,,0,,,,10.05,,,17900.68,,,
20221220,해외배당금,USD,,12.04,,0,0,,,12.04,,,
01,,,0,,,,1.81,,,17843.73,,,
20221218,해외증권_해외주식매수,US1912161007,8,496,,0,0.25,,,496,,,
01,,Coca-Cola Co.,62,,,,0,,,17833.5,,,
20221215,배당금,A033780,1,21000,,0,0,,,21000,,,
01,,KT&G Corp,0,,,,3234,,,64007128,,,
20221212,은행이체외화입금,USD,,1186,,0,0,,,1186,,,
01,,,0,,,,0,,,18329.75,,,
20221208,장내_매수,A035420,1,220000,,0,33,,,220000,,,
01,,NAVER Corp,220000,,,,0,,,63989362,,,
20221205,은행이체입금,,,1464000,,0,0,,,1464000,,,
01,,,0,,,,0,,,64209395,,,
20221124,해외증권_해외주식매도,US9229087690,1,214,,0,0.11,,,214,,,
01,,Vanguard Total Stock Market ETF,214,,,,0.01,,,17143.75,,,
20221115,배당금,A033780,1,20650,,0,0,,,20650,,,
01,,KT&G Corp,0,,,,3180,,,62745395,,,
20221108,장내_매수,A005930,10,760000,,0,114,,,760000,,,
01,,Samsung Electronics,76000,,,,0,,,62727925,,,
20221105,은행이체입금,,,1452000,,0,0,,,1452000,,,
01,,,0,,,,0,,,63488039,,,
20221020,해외배당금,USD,,11.8,,0,0,,,11.8,,,
01,,,0,,,,1.77,,,16929.87,,,
20221018,해외증권_해외주식매수,US9229087690,3,642,,0,0.32,,,642,,,
01,,Vanguard Total Stock Market ETF,214,,,,0,,,16919.84,,,
20221015,배당금,A033780,1,20300,,0,0,,,20300,,,
01,,KT&G Corp,0,,,,3126,,,62036039,,,
20221012,은행이체외화입금,USD,,1170,,0,0,,,1170,,,
01,,,0,,,,0,,,17562.16,,,
20221008,장내_매수,A033780,7,602000,,0,90,,,602000,,,
01,,KT&G Corp,86000,,,,0,,,62018865,,,
20221005,은행이체입금,,,1440000,,0,0,,,1440000,,,
01,,,0,,,,0,,,62620955,,,
20220927,배당금,A033780,1,69200,,0,0,,,69200,,,
01,,KT&G Corp,0,,,,10657,,,61180955,,,
20220922,장내_매도,A051910,2,1040000,,0,156,,,1040000,,,
01,,LG Chem,520000,,,,1872,,,61122412,,,
20220915,배당금,A033780,1,19950,,0,0,,,19950,,,
01,,KT&G Corp,0,,,,3072,,,60084440,,,
20220908,장내_매수,A068270,3,480000,,0,72,,,480000,,,
01,,Celltrion,160000,,,,0,,,60067562,,,
20220905,은행이체입금,,,1428000,,0,0,,,1428000,,,
01,,,0,,,,0,,,60547634,,,
20220820,해외배당금,USD,,11.56,,0,0,,,11.56,,,
01,,,0,,,,1.73,,,16392.16,,,
20220818,해외증권_해외주식매수,US1912161007,14,868,,0,0.43,,,868,,,
01,,Coca-Cola Co.,62,,,,0,,,16382.33,,,
20220815,배당금,A033780,1,19600,,0,0,,,19600,,,
01,,KT&G Corp,0,,,,3018,,,59119634,,,
20220812,은행이체외화입금,USD,,1154,,0,0,,,1154,,,
01,,,0,,,,0,,,17250.76,,,
20220808,장내_매수,A051910,1,520000,,0,78,,,520000,,,
01,,LG Chem,520000,,,,0,,,59103052,,,
20220805,은행이체입금,,,1416000,,0,0,,,1416000,,,
01,,,0,,,,0,,,59623130,,,
20220715,배당금,A033780,1,19250,,0,0,,,19250,,,
01,,KT&G Corp,0,,,,2964,,,58207130,,,
20220708,장내_매수,A035420,3,660000,,0,99,,,660000,,,
01,,NAVER Corp,220000,,,,0,,,58190844,,,
20220705,은행이체입금,,,1404000,,0,0,,,1404000,,,
01,,,0,,,,0,,,58850943,,,
20220624,해외배당금,USD,,55.0,,0,0,,,55.0,,,
01,,,0,,,,8.25,,,16096.76,,,
20220622,장내_매도,A033780,1,86000,,0,13,,,86000,,,
01,,KT&G Corp,86000,,,,155,,,57446943,,,
20220620,해외배당금,USD,,11.32,,0,0,,,11.32,,,
01,,,0,,,,1.7,,,16050.01,,,
20220618,해외증권_해외주식매수,US9229087690,2,428,,0,0.21,,,428,,,
01,,Vanguard Total Stock Market ETF,214,,,,0,,,16040.39,,,
20220615,배당금,A033780,1,18900,,0,0,,,18900,,,
01,,KT&G Corp,0,,,,2911,,,57361111,,,
20220612,은행이체외화입금,USD,,1138,,0,0,,,1138,,,
01,,,0,,,,0,,,16468.6,,,
20220608,장내_매수,A005930,8,608000,,0,91,,,608000,,,
01,,Samsung Electronics,76000,,,,0,,,57345122,,,
20220605,은행이체입금,,,1392000,,0,0,,,1392000,,,
01,,,0,,,,0,,,57953213,,,
20220524,해외증권_해외주식매도,US9229087690,1,214,,0,0.11,,,214,,,
01,,Vanguard Total Stock Market ETF,214,,,,0.01,,,15330.6,,,
20220515,배당금,A033780,1,18550,,0,0,,,18550,,,
01,,KT&G Corp,0,,,,2857,,,56561213,,,
20220508,장내_매수,A033780,6,516000,,0,77,,,516000,,,
01,,KT&G Corp,86000,,,,0,,,56545520,,,
20220505,은행이체입금,,,1380000,,0,0,,,1380000,,,
01,,,0,,,,0,,,57061597,,,
20220420,해외배당금,USD,,11.08,,0,0,,,11.08,,,
01,,,0,,,,1.66,,,15116.72,,,
20220418,해외증권_해외주식매수,US1912161007,11,682,,0,0.34,,,682,,,
01,,Coca-Cola Co.,62,,,,0,,,15107.3,,,
20220415,배당금,A033780,1,18200,,0,0,,,18200,,,
01,,KT&G Corp,0,,,,2803,,,55681597,,,
20220412,은행이체외화입금,USD,,1122,,0,0,,,1122,,,
01,,,0,,,,0,,,15789.64,,,
20220408,장내_매수,A068270,2,320000,,0,48,,,320000,,,
01,,Celltrion,160000,,,,0,,,55666200,,,
20220405,은행이체입금,,,1368000,,0,0,,,1368000,,,
01,,,0,,,,0,,,55986248,,,
20220328,배당금,A005930,1,84000,,0,0,,,84000,,,
01,,Samsung Electronics,0,,,,12936,,,54618248,,,
20220322,장내_매도,A035420,2,440000,,0,66,,,440000,,,
01,,NAVER Corp,220000,,,,792,,,54547184,,,
20220315,배당금,A033780,1,17850,,0,0,,,17850,,,
01,,KT&G Corp,0,,,,2749,,,54108042,,,
20220308,장내_매수,A051910,1,520000,,0,78,,,520000,,,
01,,LG Chem,520000,,,,0,,,54092941,,,
20220305,은행이체입금,,,1356000,,0,0,,,1356000,,,
01,,,0,,,,0,,,54613019,,,
20220220,해외배당금,USD,,10.84,,0,0,,,10.84,,,
01,,,0,,,,1.63,,,14667.64,,,
20220218,해외증권_해외주식매수,US9229087690,4,856,,0,0.43,,,856,,,
01,,Vanguard Total Stock Market ETF,214,,,,0,,,14658.43,,,
20220215,배당금,A033780,1,17500,,0,0,,,17500,,,
01,,KT&G Corp,0,,,,2695,,,53257019,,,
20220212,은행이체외화입금,USD,,1106,,0,0,,,1106,,,
01,,,0,,,,0,,,15514.86,,,
20220208,장내_매수,A035420,3,660000,,0,99,,,660000,,,
01,,NAVER Corp,220000,,,,0,,,53242214,,,
20220205,은행이체입금,,,1344000,,0,0,,,1344000,,,
01,,,0,,,,0,,,53902313,,,
20220115,배당금,A033780,1,17150,,0,0,,,17150,,,
01,,KT&G Corp,0,,,,2641,,,52558313,,,
20220108,장내_매수,A005930,7,532000,,0,80,,,532000,,,
01,,Samsung Electronics,76000,,,,0,,,52543804,,,
20220105,은행이체입금,,,1332000,,0,0,,,1332000,,,
01,,,0,,,,0,,,53075884,,,
20211222,장내_매도,A033780,1,82000,,0,12,,,82000,,,
01,,KT&G Corp,82000,,,,148,,,51743884,,,
20211220,해외배당금,USD,,60.5,,0,0,,,60.5,,,
01,,,0,,,,9.07,,,14408.86,,,
20211220,해외배당금,USD,,11.19,,0,0,,,11.19,,,
01,,,0,,,,1.68,,,14357.43,,,
20211218,해외증권_해외주식매수,US46138G6492,1,315,,0,0.16,,,315,,,
01,,INVESCO NASDAQ 100,315,,,,0,,,14347.92,,,
20211215,배당금,A033780,1,19700,,0,0,,,19700,,,
01,,KT&G Corp,0,,,,3034,,,51662044,,,
20211212,은행이체외화입금,USD,,1131,,0,0,,,1131,,,
01,,,0,,,,0,,,14663.08,,,
20211208,장내_매수,A033780,5,410000,,0,61,,,410000,,,
01,,KT&G Corp,82000,,,,0,,,51645378,,,
20211205,은행이체입금,,,1394000,,0,0,,,1394000,,,
01,,,0,,,,0,,,52055439,,,
20211124,해외증권_해외주식매도,US9229087690,1,205,,0,0.1,,,205,,,
01,,Vanguard Total Stock Market ETF,205,,,,0.01,,,13532.08,,,
20211115,배당금,A033780,1,19350,,0,0,,,19350,,,
01,,KT&G Corp,0,,,,2980,,,50661439,,,
20211108,장내_매수,A068270,4,760000,,0,114,,,760000,,,
01,,Celltrion,190000,,,,0,,,50645069,,,
20211105,은행이체입금,,,1382000,,0,0,,,1382000,,,
01,,,0,,,,0,,,51405183,,,
20211020,해외배당금,USD,,10.95,,0,0,,,10.95,,,
01,,,0,,,,1.64,,,13327.19,,,
20211018,해외증권_해외주식매수,US5801351017,2,490,,0,0.24,,,490,,,
01,,McDonald's Corp,245,,,,0,,,13317.88,,,
20211015,배당금,A033780,1,19000,,0,0,,,19000,,,
01,,KT&G Corp,0,,,,2926,,,50023183,,,
20211012,은행이체외화입금,USD,,1115,,0,0,,,1115,,,
01,,,0,,,,0,,,13808.12,,,
20211008,장내_매수,A051910,1,610000,,0,91,,,610000,,,
01,,LG Chem,610000,,,,0,,,50007109,,,
20211005,은행이체입금,,,1370000,,0,0,,,1370000,,,
01,,,0,,,,0,,,50617200,,,
20210927,배당금,A033780,1,64000,,0,0,,,64000,,,
01,,KT&G Corp,0,,,,9856,,,49247200,,,
20210922,장내_매도,A035420,2,560000,,0,84,,,560000,,,
01,,NAVER Corp,280000,,,,1008,,,49193056,,,
20210915,배당금,A033780,1,18650,,0,0,,,18650,,,
01,,KT&G Corp,0,,,,2872,,,48634148,,,
20210908,장내_매수,A035420,1,280000,,0,42,,,280000,,,
01,,NAVER Corp,280000,,,,0,,,48618370,,,
20210905,은행이체입금,,,1358000,,0,0,,,1358000,,,
01,,,0,,,,0,,,48898412,,,
20210820,해외배당금,USD,,10.71,,0,0,,,10.71,,,
01,,,0,,,,1.61,,,12693.12,,,
20210818,해외증권_해외주식매수,US46138G6492,2,630,,0,0.32,,,630,,,
01,,INVESCO NASDAQ 100,315,,,,0,,,12684.02,,,
20210815,배당금,A033780,1,18300,,0,0,,,18300,,,
01,,KT&G Corp,0,,,,2818,,,47540412,,,
20210812,은행이체외화입금,USD,,1099,,0,0,,,1099,,,
01,,,0,,,,0,,,13314.34,,,
20210808,장내_매수,A005930,6,408000,,0,61,,,408000,,,
01,,Samsung Electronics,68000,,,,0,,,47524930,,,
20210805,은행이체입금,,,1346000,,0,0,,,1346000,,,
01,,,0,,,,0,,,47932991,,,
20210715,배당금,A033780,1,17950,,0,0,,,17950,,,
01,,KT&G Corp,0,,,,2764,,,46586991,,,
20210708,장내_매수,A033780,9,738000,,0,111,,,738000,,,
01,,KT&G Corp,82000,,,,0,,,46571805,,,
20210705,은행이체입금,,,1334000,,0,0,,,1334000,,,
01,,,0,,,,0,,,47309916,,,
20210624,해외배당금,USD,,49.5,,0,0,,,49.5,,,
01,,,0,,,,7.42,,,12215.34,,,
20210622,장내_매도,A068270,1,190000,,0,28,,,190000,,,
01,,Celltrion,190000,,,,342,,,45975916,,,
20210620,해외배당금,USD,,10.47,,0,0,,,10.47,,,
01,,,0,,,,1.57,,,12173.26,,,
20210618,해외증권_해외주식매수,US5801351017,2,490,,0,0.24,,,490,,,
01,,McDonald's Corp,245,,,,0,,,12164.36,,,
20210615,배당금,A033780,1,17600,,0,0,,,17600,,,
01,,KT&G Corp,0,,,,2710,,,45786286,,,
20210612,은행이체외화입금,USD,,1083,,0,0,,,1083,,,
01,,,0,,,,0,,,12654.6,,,
20210608,장내_매수,A068270,3,570000,,0,85,,,570000,,,
01,,Celltrion,190000,,,,0,,,45771396,,,
20210605,은행이체입금,,,1322000,,0,0,,,1322000,,,
01,,,0,,,,0,,,46341481,,,
20210524,해외증권_해외주식매도,US9229087690,1,205,,0,0.1,,,205,,,
01,,Vanguard Total Stock Market ETF,205,,,,0.01,,,11571.6,,,
20210515,배당금,A033780,1,17250,,0,0,,,17250,,,
01,,KT&G Corp,0,,,,2656,,,45019481,,,
20210508,장내_매수,A051910,1,610000,,0,91,,,610000,,,
01,,LG Chem,610000,,,,0,,,45004887,,,
20210505,은행이체입금,,,1310000,,0,0,,,1310000,,,
01,,,0,,,,0,,,45614978,,,
20210420,해외배당금,USD,,10.23,,0,0,,,10.23,,,
01,,,0,,,,1.53,,,11366.71,,,
20210418,해외증권_해외주식매수,US46138G6492,2,630,,0,0.32,,,630,,,
01,,INVESCO NASDAQ 100,315,,,,0,,,11358.01,,,
20210415,배당금,A033780,1,16900,,0,0,,,16900,,,
01,,KT&G Corp,0,,,,2603,,,44304978,,,
20210412,은행이체외화입금,USD,,1067,,0,0,,,1067,,,
01,,,0,,,,0,,,11988.33,,,
20210408,장내_매수,A035420,1,280000,,0,42,,,280000,,,
01,,NAVER Corp,280000,,,,0,,,44290681,,,
20210405,은행이체입금,,,1298000,,0,0,,,1298000,,,
01,,,0,,,,0,,,44570723,,,
20210328,배당금,A005930,1,77500,,0,0,,,77500,,,
01,,Samsung Electronics,0,,,,11935,,,43272723,,,
20210322,장내_매도,A005930,2,136000,,0,20,,,136000,,,
01,,Samsung Electronics,68000,,,,245,,,43207158,,,
20210315,배당금,A033780,1,16550,,0,0,,,16550,,,
01,,KT&G Corp,0,,,,2549,,,43071423,,,
20210308,장내_매수,A005930,11,748000,,0,112,,,748000,,,
01,,Samsung Electronics,68000,,,,0,,,43057422,,,
20210305,은행이체입금,,,1286000,,0,0,,,1286000,,,
01,,,0,,,,0,,,43805534,,,
20210220,해외배당금,USD,,9.99,,0,0,,,9.99,,,
01,,,0,,,,1.5,,,10921.33,,,
20210218,해외증권_해외주식매수,US5801351017,3,735,,0,0.37,,,735,,,
01,,McDonald's Corp,245,,,,0,,,10912.84,,,
20210215,배당금,A033780,1,16200,,0,0,,,16200,,,
01,,KT&G Corp,0,,,,2495,,,42519534,,,
20210212,은행이체외화입금,USD,,1051,,0,0,,,1051,,,
01,,,0,,,,0,,,11648.21,,,
20210208,장내_매수,A033780,8,656000,,0,98,,,656000,,,
01,,KT&G Corp,82000,,,,0,,,42505829,,,
20210205,은행이체입금,,,1274000,,0,0,,,1274000,,,
01,,,0,,,,0,,,43161927,,,
20210115,배당금,A033780,1,15850,,0,0,,,15850,,,
01,,KT&G Corp,0,,,,2441,,,41887927,,,
20210108,장내_매수,A068270,2,380000,,0,57,,,380000,,,
01,,Celltrion,190000,,,,0,,,41874518,,,
20210105,은행이체입금,,,1262000,,0,0,,,1262000,,,
01,,,0,,,,0,,,42254575,,,
20201222,장내_매도,A068270,1,275000,,0,41,,,275000,,,
01,,Celltrion,275000,,,,495,,,40992575,,,
20201220,해외배당금,USD,,54.0,,0,0,,,54.0,,,
01,,,0,,,,8.1,,,10597.21,,,
20201220,해외배당금,USD,,10.34,,0,0,,,10.34,,,
01,,,0,,,,1.55,,,10551.31,,,
20201218,해외증권_해외주식매수,US9229087690,2,384,,0,0.19,,,384,,,
01,,Vanguard Total Stock Market ETF,192,,,,0,,,10542.52,,,
20201215,배당금,A033780,1,18400,,0,0,,,18400,,,
01,,KT&G Corp,0,,,,2834,,,40718111,,,
20201212,은행이체외화입금,USD,,1076,,0,0,,,1076,,,
01,,,0,,,,0,,,10926.71,,,
20201208,장내_매수,A051910,1,850000,,0,127,,,850000,,,
01,,LG Chem,850000,,,,0,,,40702545,,,
20201205,은행이체입금,,,1324000,,0,0,,,1324000,,,
01,,,0,,,,0,,,41552672,,,
20201203,은행이체출금,,,1500000,,0,0,,,1500000,,,
01,,,0,,,,0,,,40228672,,,
20201124,해외증권_해외주식매도,US9229087690,1,192,,0,0.1,,,192,,,
01,,Vanguard Total Stock Market ETF,192,,,,0.01,,,9850.71,,,
20201115,배당금,A033780,1,18050,,0,0,,,18050,,,
01,,KT&G Corp,0,,,,2780,,,41728672,,,
20201108,장내_매수,A035420,2,780000,,0,117,,,780000,,,
01,,NAVER Corp,390000,,,,0,,,41713402,,,
20201105,은행이체입금,,,1312000,,0,0,,,1312000,,,
01,,,0,,,,0,,,42493519,,,
20201020,해외배당금,USD,,10.1,,0,0,,,10.1,,,
01,,,0,,,,1.51,,,9658.82,,,
20201018,해외증권_해외주식매수,US1912161007,12,672,,0,0.34,,,672,,,
01,,Coca-Cola Co.,56,,,,0,,,9650.23,,,
20201015,배당금,A033780,1,17700,,0,0,,,17700,,,
01,,KT&G Corp,0,,,,2726,,,41181519,,,
20201012,은행이체외화입금,USD,,1060,,0,0,,,1060,,,
01,,,0,,,,0,,,10322.57,,,
20201008,장내_매수,A005930,9,648000,,0,97,,,648000,,,
01,,Samsung Electronics,72000,,,,0,,,41166545,,,
20201005,은행이체입금,,,1300000,,0,0,,,1300000,,,
01,,,0,,,,0,,,41814642,,,
20200927,배당금,A033780,1,58800,,0,0,,,58800,,,
01,,KT&G Corp,0,,,,9055,,,40514642,,,
20200922,장내_매도,A005930,2,144000,,0,22,,,144000,,,
01,,Samsung Electronics,72000,,,,259,,,40464897,,,
20200915,배당금,A033780,1,17350,,0,0,,,17350,,,
01,,KT&G Corp,0,,,,2672,,,40321178,,,
20200908,장내_매수,A033780,6,528000,,0,79,,,528000,,,
01,,KT&G Corp,88000,,,,0,,,40306500,,,
20200905,은행이체입금,,,1288000,,0,0,,,1288000,,,
01,,,0,,,,0,,,40834579,,,
20200820,해외배당금,USD,,9.86,,0,0,,,9.86,,,
01,,,0,,,,1.48,,,9262.57,,,
20200818,해외증권_해외주식매수,US9229087690,4,768,,0,0.38,,,768,,,
01,,Vanguard Total Stock Market ETF,192,,,,0,,,9254.19,,,
20200815,배당금,A033780,1,17000,,0,0,,,17000,,,
01,,KT&G Corp,0,,,,2618,,,39546579,,,
20200812,은행이체외화입금,USD,,1044,,0,0,,,1044,,,
01,,,0,,,,0,,,10022.57,,,
20200808,장내_매수,A068270,1,275000,,0,41,,,275000,,,
01,,Celltrion,275000,,,,0,,,39532197,,,
20200805,은행이체입금,,,1276000,,0,0,,,1276000,,,
01,,,0,,,,0,,,39807238,,,
20200715,배당금,A033780,1,16650,,0,0,,,16650,,,
01,,KT&G Corp,0,,,,2564,,,38531238,,,
20200708,장내_매수,A051910,1,850000,,0,127,,,850000,,,
01,,LG Chem,850000,,,,0,,,38517152,,,
20200705,은행이체입금,,,1264000,,0,0,,,1264000,,,
01,,,0,,,,0,,,39367279,,,
20200624,해외배당금,USD,,44.0,,0,0,,,44.0,,,
01,,,0,,,,6.6,,,8978.57,,,
20200622,장내_매도,A051910,1,850000,,0,127,,,850000,,,
01,,LG Chem,850000,,,,1530,,,38103279,,,
20200620,해외배당금,USD,,9.62,,0,0,,,9.62,,,
01,,,0,,,,1.44,,,8941.17,,,
20200618,해외증권_해외주식매수,US1912161007,9,504,,0,0.25,,,504,,,
01,,Coca-Cola Co.,56,,,,0,,,8932.99,,,
20200615,배당금,A033780,1,16300,,0,0,,,16300,,,
01,,KT&G Corp,0,,,,2510,,,37254936,,,
20200612,은행이체외화입금,USD,,1028,,0,0,,,1028,,,
01,,,0,,,,0,,,9437.24,,,
20200608,장내_매수,A035420,1,390000,,0,58,,,390000,,,
01,,NAVER Corp,390000,,,,0,,,37241146,,,
20200605,은행이체입금,,,1252000,,0,0,,,1252000,,,
01,,,0,,,,0,,,37631204,,,
20200524,해외증권_해외주식매도,US9229087690,1,192,,0,0.1,,,192,,,
01,,Vanguard Total Stock Market ETF,192,,,,0.01,,,8409.24,,,
20200515,배당금,A033780,1,15950,,0,0,,,15950,,,
01,,KT&G Corp,0,,,,2456,,,36379204,,,
20200508,장내_매수,A005930,7,504000,,0,76,,,504000,,,
01,,Samsung Electronics,72000,,,,0,,,36365710,,,
20200505,은행이체입금,,,1240000,,0,0,,,1240000,,,
01,,,0,,,,0,,,36869786,,,
20200420,해외배당금,USD,,9.38,,0,0,,,9.38,,,
01,,,0,,,,1.41,,,8217.35,,,
20200418,해외증권_해외주식매수,US9229087690,3,576,,0,0.29,,,576,,,
01,,Vanguard Total Stock Market ETF,192,,,,0,,,8209.38,,,
20200415,배당금,A033780,1,15600,,0,0,,,15600,,,
01,,KT&G Corp,0,,,,2402,,,35629786,,,
20200412,은행이체외화입금,USD,,1012,,0,0,,,1012,,,
01,,,0,,,,0,,,8785.67,,,
20200408,장내_매수,A033780,4,352000,,0,53,,,352000,,,
01,,KT&G Corp,88000,,,,0,,,35616588,,,
20200405,은행이체입금,,,1228000,,0,0,,,1228000,,,
01,,,0,,,,0,,,35968641,,,
20200328,배당금,A005930,1,71000,,0,0,,,71000,,,
01,,Samsung Electronics,0,,,,10934,,,34740641,,,
20200322,장내_매도,A033780,2,176000,,0,26,,,176000,,,
01,,KT&G Corp,88000,,,,317,,,34680575,,,
20200315,배당금,A033780,1,15250,,0,0,,,15250,,,
01,,KT&G Corp,0,,,,2348,,,34504918,,,
20200308,장내_매수,A068270,2,550000,,0,82,,,550000,,,
01,,Celltrion,275000,,,,0,,,34492016,,,
20200305,은행이체입금,,,1216000,,0,0,,,1216000,,,
01,,,0,,,,0,,,35042098,,,
20200220,해외배당금,USD,,9.14,,0,0,,,9.14,,,
01,,,0,,,,1.37,,,7773.67,,,
20200218,해외증권_해외주식매수,US1912161007,16,896,,0,0.45,,,896,,,
01,,Coca-Cola Co.,56,,,,0,,,7765.9,,,
20200215,배당금,A033780,1,14900,,0,0,,,14900,,,
01,,KT&G Corp,0,,,,2295,,,33826098,,,
20200212,은행이체외화입금,USD,,996,,0,0,,,996,,,
01,,,0,,,,0,,,8662.35,,,
20200208,장내_매수,A051910,1,850000,,0,127,,,850000,,,
01,,LG Chem,850000,,,,0,,,33813493,,,
20200205,은행이체입금,,,1204000,,0,0,,,1204000,,,
01,,,0,,,,0,,,34663620,,,
20200115,배당금,A033780,1,14550,,0,0,,,14550,,,
01,,KT&G Corp,0,,,,2241,,,33459620,,,
20200108,장내_매수,A035420,1,390000,,0,58,,,390000,,,
01,,NAVER Corp,390000,,,,0,,,33447311,,,
20200105,은행이체입금,,,1192000,,0,0,,,1192000,,,
01,,,0,,,,0,,,33837369,,,
20191222,장내_매도,A051910,1,720000,,0,108,,,720000,,,
01,,LG Chem,720000,,,,1296,,,32645369,,,
20191220,해외배당금,USD,,47.5,,0,0,,,47.5,,,
01,,,0,,,,7.12,,,7666.35,,,
20191220,해외배당금,USD,,9.49,,0,0,,,9.49,,,
01,,,0,,,,1.42,,,7625.97,,,
20191218,해외증권_해외주식매수,US5801351017,2,396,,0,0.2,,,396,,,
01,,McDonald's Corp,198,,,,0,,,7617.9,,,
20191215,배당금,A033780,1,17100,,0,0,,,17100,,,
01,,KT&G Corp,0,,,,2633,,,31926773,,,
20191212,은행이체외화입금,USD,,1021,,0,0,,,1021,,,
01,,,0,,,,0,,,8014.1,,,
20191208,장내_매수,A005930,6,366000,,0,55,,,366000,,,
01,,Samsung Electronics,61000,,,,0,,,31912306,,,
20191205,은행이체입금,,,1254000,,0,0,,,1254000,,,
01,,,0,,,,0,,,32278361,,,
20191124,해외증권_해외주식매도,US9229087690,1,166,,0,0.08,,,166,,,
01,,Vanguard Total Stock Market ETF,166,,,,0,,,6993.1,,,
20191115,배당금,A033780,1,16750,,0,0,,,16750,,,
01,,KT&G Corp,0,,,,2580,,,31024361,,,
20191108,장내_매수,A033780,8,768000,,0,115,,,768000,,,
01,,KT&G Corp,96000,,,,0,,,31010191,,,
20191105,은행이체입금,,,1242000,,0,0,,,1242000,,,
01,,,0,,,,0,,,31778306,,,
20191020,해외배당금,USD,,9.25,,0,0,,,9.25,,,
01,,,0,,,,1.39,,,6827.18,,,
20191018,해외증권_해외주식매수,US46138G6492,3,594,,0,0.3,,,594,,,
01,,INVESCO NASDAQ 100,198,,,,0,,,6819.32,,,
20191015,배당금,A033780,1,16400,,0,0,,,16400,,,
01,,KT&G Corp,0,,,,2526,,,30536306,,,
20191012,은행이체외화입금,USD,,1005,,0,0,,,1005,,,
01,,,0,,,,0,,,7413.62,,,
20191008,장내_매수,A068270,2,620000,,0,93,,,620000,,,
01,,Celltrion,310000,,,,0,,,30522432,,,
20191005,은행이체입금,,,1230000,,0,0,,,1230000,,,
01,,,0,,,,0,,,31142525,,,
20190927,배당금,A033780,1,53600,,0,0,,,53600,,,
01,,KT&G Corp,0,,,,8254,,,29912525,,,
20190922,장내_매도,A033780,2,192000,,0,29,,,192000,,,
01,,KT&G Corp,96000,,,,346,,,29867179,,,
20190915,배당금,A033780,1,16050,,0,0,,,16050,,,
01,,KT&G Corp,0,,,,2472,,,29675554,,,
20190908,장내_매수,A051910,1,720000,,0,108,,,720000,,,
01,,LG Chem,720000,,,,0,,,29661976,,,
20190905,은행이체입금,,,1218000,,0,0,,,1218000,,,
01,,,0,,,,0,,,30382084,,,
20190820,해외배당금,USD,,9.01,,0,0,,,9.01,,,
01,,,0,,,,1.35,,,6408.62,,,
20190818,해외증권_해외주식매수,US5801351017,4,792,,0,0.4,,,792,,,
01,,McDonald's Corp,198,,,,0,,,6400.96,,,
20190815,배당금,A033780,1,15700,,0,0,,,15700,,,
01,,KT&G Corp,0,,,,2418,,,29164084,,,
20190812,은행이체외화입금,USD,,989,,0,0,,,989,,,
01,,,0,,,,0,,,7193.36,,,
20190808,장내_매수,A035420,1,305000,,0,46,,,305000,,,
01,,NAVER Corp,305000,,,,0,,,29150802,,,
20190805,은행이체입금,,,1206000,,0,0,,,1206000,,,
01,,,0,,,,0,,,29455848,,,
20190715,배당금,A033780,1,15350,,0,0,,,15350,,,
01,,KT&G Corp,0,,,,2364,,,28249848,,,
20190708,장내_매수,A005930,12,732000,,0,110,,,732000,,,
01,,Samsung Electronics,61000,,,,0,,,28236862,,,
20190705,은행이체입금,,,1194000,,0,0,,,1194000,,,
01,,,0,,,,0,,,28968972,,,
20190624,해외배당금,USD,,38.5,,0,0,,,38.5,,,
01,,,0,,,,5.77,,,6204.36,,,
20190622,장내_매도,A035420,1,305000,,0,46,,,305000,,,
01,,NAVER Corp,305000,,,,549,,,27774972,,,
20190620,해외배당금,USD,,8.77,,0,0,,,8.77,,,
01,,,0,,,,1.32,,,6171.63,,,
20190618,해외증권_해외주식매수,US46138G6492,2,396,,0,0.2,,,396,,,
01,,INVESCO NASDAQ 100,198,,,,0,,,6164.18,,,
20190615,배당금,A033780,1,15000,,0,0,,,15000,,,
01,,KT&G Corp,0,,,,2310,,,27470567,,,
20190612,은행이체외화입금,USD,,973,,0,0,,,973,,,
01,,,0,,,,0,,,6560.38,,,
20190608,장내_매수,A033780,6,576000,,0,86,,,576000,,,
01,,KT&G Corp,96000,,,,0,,,27457877,,,
20190605,은행이체입금,,,1182000,,0,0,,,1182000,,,
01,,,0,,,,0,,,28033963,,,
20190524,해외증권_해외주식매도,US9229087690,1,166,,0,0.08,,,166,,,
01,,Vanguard Total Stock Market ETF,166,,,,0,,,5587.38,,,
20190515,배당금,A033780,1,14650,,0,0,,,14650,,,
01,,KT&G Corp,0,,,,2256,,,26851963,,,
20190508,장내_매수,A068270,1,310000,,0,46,,,310000,,,
01,,Celltrion,310000,,,,0,,,26839569,,,
20190505,은행이체입금,,,1170000,,0,0,,,1170000,,,
01,,,0,,,,0,,,27149615,,,
20190420,해외배당금,USD,,8.53,,0,0,,,8.53,,,
01,,,0,,,,1.28,,,5421.46,,,
20190418,해외증권_해외주식매수,US5801351017,3,594,,0,0.3,,,594,,,
01,,McDonald's Corp,198,,,,0,,,5414.21,,,
20190415,배당금,A033780,1,14300,,0,0,,,14300,,,
01,,KT&G Corp,0,,,,2202,,,25979615,,,
20190412,은행이체외화입금,USD,,957,,0,0,,,957,,,
01,,,0,,,,0,,,6008.51,,,
20190408,장내_매수,A051910,1,720000,,0,108,,,720000,,,
01,,LG Chem,720000,,,,0,,,25967517,,,
20190405,은행이체입금,,,1158000,,0,0,,,1158000,,,
01,,,0,,,,0,,,26687625,,,
20190328,배당금,A005930,1,64500,,0,0,,,64500,,,
01,,Samsung Electronics,0,,,,9933,,,25529625,,,
20190322,장내_매도,A068270,2,620000,,0,93,,,620000,,,
01,,Celltrion,310000,,,,1116,,,25475058,,,
20190315,배당금,A033780,1,13950,,0,0,,,13950,,,
01,,KT&G Corp,0,,,,2148,,,24856267,,,
20190308,장내_매수,A035420,2,610000,,0,91,,,610000,,,
01,,NAVER Corp,305000,,,,0,,,24844465,,,
20190305,은행이체입금,,,1146000,,0,0,,,1146000,,,
01,,,0,,,,0,,,25454556,,,
20190220,해외배당금,USD,,8.29,,0,0,,,8.29,,,
01,,,0,,,,1.24,,,5051.51,,,
20190218,해외증권_해외주식매수,US46138G6492,4,792,,0,0.4,,,792,,,
01,,INVESCO NASDAQ 100,198,,,,0,,,5044.46,,,
20190215,배당금,A033780,1,13600,,0,0,,,13600,,,
01,,KT&G Corp,0,,,,2094,,,24308556,,,
20190212,은행이체외화입금,USD,,941,,0,0,,,941,,,
01,,,0,,,,0,,,5836.86,,,
20190208,장내_매수,A005930,10,610000,,0,91,,,610000,,,
01,,Samsung Electronics,61000,,,,0,,,24297050,,,
20190205,은행이체입금,,,1134000,,0,0,,,1134000,,,
01,,,0,,,,0,,,24907141,,,
20190115,배당금,A033780,1,13250,,0,0,,,13250,,,
01,,KT&G Corp,0,,,,2040,,,23773141,,,
20190108,장내_매수,A033780,5,480000,,0,72,,,480000,,,
01,,KT&G Corp,96000,,,,0,,,23761931,,,
20190105,은행이체입금,,,1122000,,0,0,,,1122000,,,
01,,,0,,,,0,,,24242003,,,
20181222,장내_매도,A035420,1,210000,,0,31,,,210000,,,
01,,NAVER Corp,210000,,,,378,,,23120003,,,
20181220,해외배당금,USD,,41.0,,0,0,,,41.0,,,
01,,,0,,,,6.15,,,4895.86,,,
20181220,해외배당금,USD,,8.64,,0,0,,,8.64,,,
01,,,0,,,,1.3,,,4861.01,,,
20181218,해외증권_해외주식매수,US1912161007,10,480,,0,0.24,,,480,,,
01,,Coca-Cola Co.,48,,,,0,,,4853.67,,,
20181215,배당금,A033780,1,15800,,0,0,,,15800,,,
01,,KT&G Corp,0,,,,2433,,,22910412,,,
20181212,은행이체외화입금,USD,,966,,0,0,,,966,,,
01,,,0,,,,0,,,5333.91,,,
20181208,장내_매수,A068270,1,215000,,0,32,,,215000,,,
01,,Celltrion,215000,,,,0,,,22897045,,,
20181205,은행이체입금,,,1184000,,0,0,,,1184000,,,
01,,,0,,,,0,,,23112077,,,
20181124,해외증권_해외주식매도,US9229087690,1,140,,0,0.07,,,140,,,
01,,Vanguard Total Stock Market ETF,140,,,,0,,,4367.91,,,
20181115,배당금,A033780,1,15450,,0,0,,,15450,,,
01,,KT&G Corp,0,,,,2379,,,21928077,,,
20181108,장내_매수,A051910,1,410000,,0,61,,,410000,,,
01,,LG Chem,410000,,,,0,,,21915006,,,
20181105,은행이체입금,,,1172000,,0,0,,,1172000,,,
01,,,0,,,,0,,,22325067,,,
20181020,해외배당금,USD,,8.4,,0,0,,,8.4,,,
01,,,0,,,,1.26,,,4227.98,,,
20181018,해외증권_해외주식매수,US9229087690,5,700,,0,0.35,,,700,,,
01,,Vanguard Total Stock Market ETF,140,,,,0,,,4220.84,,,
20181015,배당금,A033780,1,15100,,0,0,,,15100,,,
01,,KT&G Corp,0,,,,2325,,,21153067,,,
20181012,은행이체외화입금,USD,,950,,0,0,,,950,,,
01,,,0,,,,0,,,4921.19,,,
20181008,장내_매수,A035420,3,630000,,0,94,,,630000,,,
01,,NAVER Corp,210000,,,,0,,,21140292,,,
20181005,은행이체입금,,,1160000,,0,0,,,1160000,,,
01,,,0,,,,0,,,21770386,,,
20180927,배당금,A033780,1,48400,,0,0,,,48400,,,
01,,KT&G Corp,0,,,,7454,,,20610386,,,
20180922,장내_매도,A068270,2,430000,,0,64,,,430000,,,
01,,Celltrion,215000,,,,774,,,20569440,,,
20180915,배당금,A033780,1,14750,,0,0,,,14750,,,
01,,KT&G Corp,0,,,,2272,,,20140278,,,
20180908,장내_매수,A005930,10,520000,,0,78,,,520000,,,
01,,Samsung Electronics,52000,,,,0,,,20127800,,,
20180905,은행이체입금,,,1148000,,0,0,,,1148000,,,
01,,,0,,,,0,,,20647878,,,
20180820,해외배당금,USD,,8.16,,0,0,,,8.16,,,
01,,,0,,,,1.22,,,3971.19,,,
20180818,해외증권_해외주식매수,US1912161007,18,864,,0,0.43,,,864,,,
01,,Coca-Cola Co.,48,,,,0,,,3964.25,,,
20180815,배당금,A033780,1,14400,,0,0,,,14400,,,
01,,KT&G Corp,0,,,,2218,,,19499878,,,
20180812,은행이체외화입금,USD,,934,,0,0,,,934,,,
01,,,0,,,,0,,,4828.68,,,
20180808,장내_매수,A033780,4,404000,,0,61,,,404000,,,
01,,KT&G Corp,101000,,,,0,,,19487696,,,
20180805,은행이체입금,,,1136000,,0,0,,,1136000,,,
01,,,0,,,,0,,,19891757,,,
20180715,배당금,A033780,1,14050,,0,0,,,14050,,,
01,,KT&G Corp,0,,,,2164,,,18755757,,,
20180708,장내_매수,A068270,3,645000,,0,97,,,645000,,,
01,,Celltrion,215000,,,,0,,,18743871,,,
20180705,은행이체입금,,,1124000,,0,0,,,1124000,,,
01,,,0,,,,0,,,19388968,,,
20180624,해외배당금,USD,,33.0,,0,0,,,33.0,,,
01,,,0,,,,4.95,,,3894.68,,,
20180622,장내_매도,A005930,1,52000,,0,8,,,52000,,,
01,,Samsung Electronics,52000,,,,94,,,18264968,,,
20180620,해외배당금,USD,,7.92,,0,0,,,7.92,,,
01,,,0,,,,1.19,,,3866.63,,,
20180618,해외증권_해외주식매수,US9229087690,3,420,,0,0.21,,,420,,,
01,,Vanguard Total Stock Market ETF,140,,,,0,,,3859.9,,,
20180615,배당금,A033780,1,13700,,0,0,,,13700,,,
01,,KT&G Corp,0,,,,2110,,,18213070,,,
20180612,은행이체외화입금,USD,,918,,0,0,,,918,,,
01,,,0,,,,0,,,4280.11,,,
20180608,장내_매수,A051910,1,410000,,0,61,,,410000,,,
01,,LG Chem,410000,,,,0,,,18201480,,,
20180605,은행이체입금,,,1112000,,0,0,,,1112000,,,
01,,,0,,,,0,,,18611541,,,
20180524,해외증권_해외주식매도,US9229087690,1,140,,0,0.07,,,140,,,
01,,Vanguard Total Stock Market ETF,140,,,,0,,,3362.11,,,
20180515,배당금,A033780,1,13350,,0,0,,,13350,,,
01,,KT&G Corp,0,,,,2056,,,17499541,,,
20180508,장내_매수,A035420,2,420000,,0,63,,,420000,,,
01,,NAVER Corp,210000,,,,0,,,17488247,,,
20180505,은행이체입금,,,1100000,,0,0,,,1100000,,,
01,,,0,,,,0,,,17908310,,,
20180420,해외배당금,USD,,7.68,,0,0,,,7.68,,,
01,,,0,,,,1.15,,,3222.18,,,
20180418,해외증권_해외주식매수,US1912161007,14,672,,0,0.34,,,672,,,
01,,Coca-Cola Co.,48,,,,0,,,3215.65,,,
20180415,배당금,A033780,1,13000,,0,0,,,13000,,,
01,,KT&G Corp,0,,,,2002,,,16808310,,,
20180412,은행이체외화입금,USD,,902,,0,0,,,902,,,
01,,,0,,,,0,,,3887.99,,,
20180408,장내_매수,A005930,8,416000,,0,62,,,416000,,,
01,,Samsung Electronics,52000,,,,0,,,16797312,,,
20180405,은행이체입금,,,1088000,,0,0,,,1088000,,,
01,,,0,,,,0,,,17213374,,,
20180328,배당금,A005930,1,58000,,0,0,,,58000,,,
01,,Samsung Electronics,0,,,,8932,,,16125374,,,
20180322,장내_매도,A051910,2,820000,,0,123,,,820000,,,
01,,LG Chem,410000,,,,1476,,,16076306,,,
20180315,배당금,A033780,1,12650,,0,0,,,12650,,,
01,,KT&G Corp,0,,,,1948,,,15257905,,,
20180308,장내_매수,A033780,7,707000,,0,106,,,707000,,,
01,,KT&G Corp,101000,,,,0,,,15247203,,,
20180305,은행이체입금,,,1076000,,0,0,,,1076000,,,
01,,,0,,,,0,,,15954309,,,
20180220,해외배당금,USD,,7.44,,0,0,,,7.44,,,
01,,,0,,,,1.12,,,2985.99,,,
20180218,해외증권_해외주식매수,US9229087690,6,840,,0,0.42,,,840,,,
01,,Vanguard Total Stock Market ETF,140,,,,0,,,2979.67,,,
20180215,배당금,A033780,1,12300,,0,0,,,12300,,,
01,,KT&G Corp,0,,,,1894,,,14878309,,,
20180212,은행이체외화입금,USD,,886,,0,0,,,886,,,
01,,,0,,,,0,,,3820.09,,,
20180208,장내_매수,A068270,3,645000,,0,97,,,645000,,,
01,,Celltrion,215000,,,,0,,,14867903,,,
20180205,은행이체입금,,,1064000,,0,0,,,1064000,,,
01,,,0,,,,0,,,15513000,,,
20180115,배당금,A033780,1,11950,,0,0,,,11950,,,
01,,KT&G Corp,0,,,,1840,,,14449000,,,
20180108,장내_매수,A051910,1,410000,,0,61,,,410000,,,
01,,LG Chem,410000,,,,0,,,14438890,,,
20180105,은행이체입금,,,1052000,,0,0,,,1052000,,,
01,,,0,,,,0,,,14848951,,,
20171222,장내_매도,A033780,1,104000,,0,16,,,104000,,,
01,,KT&G Corp,104000,,,,187,,,13796951,,,
20171220,해외배당금,USD,,34.5,,0,0,,,34.5,,,
01,,,0,,,,5.17,,,2934.09,,,
20171220,해외배당금,USD,,7.79,,0,0,,,7.79,,,
01,,,0,,,,1.17,,,2904.76,,,
20171218,해외증권_해외주식매수,US46138G6492,4,472,,0,0.24,,,472,,,
01,,INVESCO NASDAQ 100,118,,,,0,,,2898.14,,,
20171215,배당금,A033780,1,14500,,0,0,,,14500,,,
01,,KT&G Corp,0,,,,2233,,,13693154,,,
20171212,은행이체외화입금,USD,,911,,0,0,,,911,,,
01,,,0,,,,0,,,3370.38,,,
20171208,장내_매수,A035420,2,330000,,0,49,,,330000,,,
01,,NAVER Corp,165000,,,,0,,,13680887,,,
20171205,은행이체입금,,,1114000,,0,0,,,1114000,,,
01,,,0,,,,0,,,14010936,,,
20171124,해외증권_해외주식매도,US9229087690,1,122,,0,0.06,,,122,,,
01,,Vanguard Total Stock Market ETF,122,,,,0,,,2459.38,,,
20171115,배당금,A033780,1,14150,,0,0,,,14150,,,
01,,KT&G Corp,0,,,,2179,,,12896936,,,
20171108,장내_매수,A033780,7,728000,,0,109,,,728000,,,
01,,KT&G Corp,104000,,,,0,,,12884965,,,
20171105,은행이체입금,,,1102000,,0,0,,,1102000,,,
01,,,0,,,,0,,,13613074,,,
20171020,해외배당금,USD,,7.55,,0,0,,,7.55,,,
01,,,0,,,,1.13,,,2337.44,,,
20171018,해외증권_해외주식매수,US5801351017,5,660,,0,0.33,,,660,,,
01,,McDonald's Corp,132,,,,0,,,2331.02,,,
20171015,배당금,A033780,1,13800,,0,0,,,13800,,,
01,,KT&G Corp,0,,,,2125,,,12511074,,,
20171012,은행이체외화입금,USD,,895,,0,0,,,895,,,
01,,,0,,,,0,,,2991.35,,,
20171008,장내_매수,A033780,6,624000,,0,94,,,624000,,,
01,,KT&G Corp,104000,,,,0,,,12499399,,,
20171005,은행이체입금,,,1090000,,0,0,,,1090000,,,
01,,,0,,,,0,,,13123493,,,
20170927,배당금,A033780,1,43200,,0,0,,,43200,,,
01,,KT&G Corp,0,,,,6653,,,12033493,,,
20170922,장내_매도,A051910,2,620000,,0,93,,,620000,,,
01,,LG Chem,310000,,,,1116,,,11996946,,,
20170915,배당금,A033780,1,13450,,0,0,,,13450,,,
01,,KT&G Corp,0,,,,2071,,,11378155,,,
20170908,장내_매수,A068270,3,435000,,0,65,,,435000,,,
01,,Celltrion,145000,,,,0,,,11366776,,,
20170905,은행이체입금,,,1078000,,0,0,,,1078000,,,
01,,,0,,,,0,,,11801841,,,
20170820,해외배당금,USD,,7.31,,0,0,,,7.31,,,
01,,,0,,,,1.1,,,2096.35,,,
20170818,해외증권_해외주식매수,US46138G6492,7,826,,0,0.41,,,826,,,
01,,INVESCO NASDAQ 100,118,,,,0,,,2090.14,,,
20170815,배당금,A033780,1,13100,,0,0,,,13100,,,
01,,KT&G Corp,0,,,,2017,,,10723841,,,
20170812,은행이체외화입금,USD,,879,,0,0,,,879,,,
01,,,0,,,,0,,,2916.55,,,
20170808,장내_매수,A051910,1,310000,,0,46,,,310000,,,
01,,LG Chem,310000,,,,0,,,10712758,,,
20170805,은행이체입금,,,1066000,,0,0,,,1066000,,,
01,,,0,,,,0,,,11022804,,,
20170715,배당금,A033780,1,12750,,0,0,,,12750,,,
01,,KT&G Corp,0,,,,1964,,,9956804,,,
20170708,장내_매수,A035420,4,660000,,0,99,,,660000,,,
01,,NAVER Corp,165000,,,,0,,,9946018,,,
20170705,은행이체입금,,,1054000,,0,0,,,1054000,,,
01,,,0,,,,0,,,10606117,,,
20170624,해외배당금,USD,,27.5,,0,0,,,27.5,,,
01,,,0,,,,4.12,,,2037.55,,,
20170622,장내_매도,A033780,1,104000,,0,16,,,104000,,,
01,,KT&G Corp,104000,,,,187,,,9552117,,,
20170620,해외배당금,USD,,7.07,,0,0,,,7.07,,,
01,,,0,,,,1.06,,,2014.17,,,
20170618,해외증권_해외주식매수,US5801351017,3,396,,0,0.2,,,396,,,
01,,McDonald's Corp,132,,,,0,,,2008.16,,,
20170615,배당금,A033780,1,12400,,0,0,,,12400,,,
01,,KT&G Corp,0,,,,1910,,,9448320,,,
20170612,은행이체외화입금,USD,,863,,0,0,,,863,,,
01,,,0,,,,0,,,2404.36,,,
20170608,장내_매수,A033780,6,624000,,0,94,,,624000,,,
01,,KT&G Corp,104000,,,,0,,,9437830,,,
20170605,은행이체입금,,,1042000,,0,0,,,1042000,,,
01,,,0,,,,0,,,10061924,,,
20170524,해외증권_해외주식매도,US9229087690,1,122,,0,0.06,,,122,,,
01,,Vanguard Total Stock Market ETF,122,,,,0,,,1541.36,,,
20170515,배당금,A033780,1,12050,,0,0,,,12050,,,
01,,KT&G Corp,0,,,,1856,,,9019924,,,
20170508,장내_매수,A033780,5,520000,,0,78,,,520000,,,
01,,KT&G Corp,104000,,,,0,,,9009730,,,
20170505,은행이체입금,,,1030000,,0,0,,,1030000,,,
01,,,0,,,,0,,,9529808,,,
20170420,해외배당금,USD,,6.83,,0,0,,,6.83,,,
01,,,0,,,,1.02,,,1419.42,,,
20170418,해외증권_해외주식매수,US46138G6492,6,708,,0,0.35,,,708,,,
01,,INVESCO NASDAQ 100,118,,,,0,,,1413.61,,,
20170415,배당금,A033780,1,11700,,0,0,,,11700,,,
01,,KT&G Corp,0,,,,1802,,,8499808,,,
20170412,은행이체외화입금,USD,,847,,0,0,,,847,,,
01,,,0,,,,0,,,2121.96,,,
20170408,장내_매수,A068270,2,290000,,0,43,,,290000,,,
01,,Celltrion,145000,,,,0,,,8489910,,,
20170405,은행이체입금,,,1018000,,0,0,,,1018000,,,
01,,,0,,,,0,,,8779953,,,
20170328,배당금,A005930,1,51500,,0,0,,,51500,,,
01,,Samsung Electronics,0,,,,7931,,,7761953,,,
20170322,장내_매도,A035420,2,330000,,0,49,,,330000,,,
01,,NAVER Corp,165000,,,,594,,,7718384,,,
20170315,배당금,A033780,1,11350,,0,0,,,11350,,,
01,,KT&G Corp,0,,,,1748,,,7389027,,,
20170308,장내_매수,A051910,2,620000,,0,93,,,620000,,,
01,,LG Chem,310000,,,,0,,,7379425,,,
20170305,은행이체입금,,,1006000,,0,0,,,1006000,,,
01,,,0,,,,0,,,7999518,,,
20170220,해외배당금,USD,,6.59,,0,0,,,6.59,,,
01,,,0,,,,0.99,,,1274.96,,,
20170218,해외증권_해외주식매수,US5801351017,6,792,,0,0.4,,,792,,,
01,,McDonald's Corp,132,,,,0,,,1269.36,,,
20170215,배당금,A033780,1,11000,,0,0,,,11000,,,
01,,KT&G Corp,0,,,,1694,,,6993518,,,
20170212,은행이체외화입금,USD,,831,,0,0,,,831,,,
01,,,0,,,,0,,,2061.76,,,
20170208,장내_매수,A035420,4,660000,,0,99,,,660000,,,
01,,NAVER Corp,165000,,,,0,,,6984212,,,
20170205,은행이체입금,,,994000,,0,0,,,994000,,,
01,,,0,,,,0,,,7644311,,,
20170115,배당금,A033780,1,10650,,0,0,,,10650,,,
01,,KT&G Corp,0,,,,1640,,,6650311,,,
20170108,장내_매수,A033780,5,520000,,0,78,,,520000,,,
01,,KT&G Corp,104000,,,,0,,,6641301,,,
20170105,은행이체입금,,,982000,,0,0,,,982000,,,
01,,,0,,,,0,,,7161379,,,
20161222,장내_매도,A033780,1,106000,,0,16,,,106000,,,
01,,KT&G Corp,106000,,,,191,,,6179379,,,
20161220,해외배당금,USD,,28.0,,0,0,,,28.0,,,
01,,,0,,,,4.2,,,1230.76,,,
20161220,해외배당금,USD,,6.94,,0,0,,,6.94,,,
01,,,0,,,,1.04,,,1206.96,,,
20161218,해외증권_해외주식매수,US9229087690,4,420,,0,0.21,,,420,,,
01,,Vanguard Total Stock Market ETF,105,,,,0,,,1201.06,,,
20161215,배당금,A033780,1,13200,,0,0,,,13200,,,
01,,KT&G Corp,0,,,,2033,,,6073586,,,
20161212,은행이체외화입금,USD,,856,,0,0,,,856,,,
01,,,0,,,,0,,,1621.27,,,
20161208,장내_매수,A033780,3,318000,,0,48,,,318000,,,
01,,KT&G Corp,106000,,,,0,,,6062419,,,
20161205,은행이체입금,,,1044000,,0,0,,,1044000,,,
01,,,0,,,,0,,,6380467,,,
20161124,해외증권_해외주식매도,US9229087690,1,105,,0,0.05,,,105,,,
01,,Vanguard Total Stock Market ETF,105,,,,0,,,765.27,,,
20161115,배당금,A033780,1,12850,,0,0,,,12850,,,
01,,KT&G Corp,0,,,,1979,,,5336467,,,
20161108,장내_매수,A068270,7,686000,,0,103,,,686000,,,
01,,Celltrion,98000,,,,0,,,5325596,,,
20161105,은행이체입금,,,1032000,,0,0,,,1032000,,,
01,,,0,,,,0,,,6011699,,,
20161020,해외배당금,USD,,6.7,,0,0,,,6.7,,,
01,,,0,,,,1.0,,,660.32,,,
20161018,해외증권_해외주식매수,US1912161007,16,672,,0,0.34,,,672,,,
01,,Coca-Cola Co.,42,,,,0,,,654.62,,,
20161015,배당금,A033780,1,12500,,0,0,,,12500,,,
01,,KT&G Corp,0,,,,1925,,,4979699,,,
20161012,은행이체외화입금,USD,,840,,0,0,,,840,,,
01,,,0,,,,0,,,1326.96,,,
20161008,장내_매수,A051910,2,480000,,0,72,,,480000,,,
01,,LG Chem,240000,,,,0,,,4969124,,,
20161005,은행이체입금,,,1020000,,0,0,,,1020000,,,
01,,,0,,,,0,,,5449196,,,
20160927,배당금,A033780,1,38000,,0,0,,,38000,,,
01,,KT&G Corp,0,,,,5852,,,4429196,,,
20160922,장내_매도,A035420,2,270000,,0,40,,,270000,,,
01,,NAVER Corp,135000,,,,486,,,4397048,,,
20160915,배당금,A033780,1,12150,,0,0,,,12150,,,
01,,KT&G Corp,0,,,,1871,,,4127574,,,
20160908,장내_매수,A035420,4,540000,,0,81,,,540000,,,
01,,NAVER Corp,135000,,,,0,,,4117295,,,
20160905,은행이체입금,,,1008000,,0,0,,,1008000,,,
01,,,0,,,,0,,,4657376,,,
20160820,해외배당금,USD,,6.46,,0,0,,,6.46,,,
01,,,0,,,,0.97,,,486.96,,,
20160818,해외증권_해외주식매수,US9229087690,8,840,,0,0.42,,,840,,,
01,,Vanguard Total Stock Market ETF,105,,,,0,,,481.47,,,
20160815,배당금,A033780,1,11800,,0,0,,,11800,,,
01,,KT&G Corp,0,,,,1817,,,3649376,,,
20160812,은행이체외화입금,USD,,824,,0,0,,,824,,,
01,,,0,,,,0,,,1321.89,,,
20160808,장내_매수,A033780,3,318000,,0,48,,,318000,,,
01,,KT&G Corp,106000,,,,0,,,3639393,,,
20160805,은행이체입금,,,996000,,0,0,,,996000,,,
01,,,0,,,,0,,,3957441,,,
20160715,배당금,A033780,1,11450,,0,0,,,11450,,,
01,,KT&G Corp,0,,,,1763,,,2961441,,,
20160708,장내_매수,A033780,7,742000,,0,111,,,742000,,,
01,,KT&G Corp,106000,,,,0,,,2951754,,,
20160705,은행이체입금,,,984000,,0,0,,,984000,,,
01,,,0,,,,0,,,3693865,,,
20160624,해외배당금,USD,,22.0,,0,0,,,22.0,,,
01,,,0,,,,3.3,,,497.89,,,
20160622,장내_매도,A068270,1,98000,,0,15,,,98000,,,
01,,Celltrion,98000,,,,176,,,2709865,,,
20160620,해외배당금,USD,,6.22,,0,0,,,6.22,,,
01,,,0,,,,0.93,,,479.19,,,
20160618,해외증권_해외주식매수,US1912161007,12,504,,0,0.25,,,504,,,
01,,Coca-Cola Co.,42,,,,0,,,473.9,,,
20160615,배당금,A033780,1,11100,,0,0,,,11100,,,
01,,KT&G Corp,0,,,,1709,,,2612056,,,
20160612,은행이체외화입금,USD,,808,,0,0,,,808,,,
01,,,0,,,,0,,,978.15,,,
20160608,장내_매수,A068270,6,588000,,0,88,,,588000,,,
01,,Celltrion,98000,,,,0,,,2602665,,,
20160605,은행이체입금,,,972000,,0,0,,,972000,,,
01,,,0,,,,0,,,3190753,,,
20160524,해외증권_해외주식매도,US9229087690,1,105,,0,0.05,,,105,,,
01,,Vanguard Total Stock Market ETF,105,,,,0,,,170.15,,,
20160515,배당금,A033780,1,10750,,0,0,,,10750,,,
01,,KT&G Corp,0,,,,1656,,,2218753,,,
20160508,장내_매수,A051910,2,480000,,0,72,,,480000,,,
01,,LG Chem,240000,,,,0,,,2209659,,,
20160505,은행이체입금,,,960000,,0,0,,,960000,,,
01,,,0,,,,0,,,2689731,,,
20160420,해외배당금,USD,,5.98,,0,0,,,5.98,,,
01,,,0,,,,0.9,,,65.2,,,
20160418,해외증권_해외주식매수,US9229087690,6,630,,0,0.32,,,630,,,
01,,Vanguard Total Stock Market ETF,105,,,,0,,,60.12,,,
20160415,배당금,A033780,1,10400,,0,0,,,10400,,,
01,,KT&G Corp,0,,,,1602,,,1729731,,,
20160412,은행이체외화입금,USD,,792,,0,0,,,792,,,
01,,,0,,,,0,,,690.44,,,
20160408,장내_매수,A035420,3,405000,,0,61,,,405000,,,
01,,NAVER Corp,135000,,,,0,,,1720933,,,
20160405,은행이체입금,,,948000,,0,0,,,948000,,,
01,,,0,,,,0,,,2125994,,,
20160328,배당금,A005930,1,45000,,0,0,,,45000,,,
01,,Samsung Electronics,0,,,,6930,,,1177994,,,
20160322,장내_매도,A033780,2,212000,,0,32,,,212000,,,
01,,KT&G Corp,106000,,,,382,,,1139924,,,
20160315,배당금,A033780,1,10050,,0,0,,,10050,,,
01,,KT&G Corp,0,,,,1548,,,928338,,,
20160308,장내_매수,A033780,7,742000,,0,111,,,742000,,,
01,,KT&G Corp,106000,,,,0,,,919836,,,
20160305,은행이체입금,,,936000,,0,0,,,936000,,,
01,,,0,,,,0,,,1661947,,,
20160220,해외배당금,USD,,5.74,,0,0,,,5.74,,,
01,,,0,,,,0.86,,,-101.56,,,
20160218,해외증권_해외주식매수,US1912161007,21,882,,0,0.44,,,882,,,
01,,Coca-Cola Co.,42,,,,0,,,-106.44,,,
20160215,배당금,A033780,1,9700,,0,0,,,9700,,,
01,,KT&G Corp,0,,,,1494,,,725947,,,
20160212,은행이체외화입금,USD,,776,,0,0,,,776,,,
01,,,0,,,,0,,,776,,,
20160208,장내_매수,A033780,6,636000,,0,95,,,636000,,,
01,,KT&G Corp,106000,,,,0,,,717741,,,
20160205,은행이체입금,,,924000,,0,0,,,924000,,,
01,,,0,,,,0,,,1353836,,,
20160115,배당금,A033780,1,9350,,0,0,,,9350,,,
01,,KT&G Corp,0,,,,1440,,,429836,,,
20160108,장내_매수,A068270,5,490000,,0,74,,,490000,,,
01,,Celltrion,98000,,,,0,,,421926,,,
20160105,은행이체입금,,,912000,,0,0,,,912000,,,
01,,,0,,,,0,,,912000,,,
